Sr2AlTiO6	-2.8966578477909026	0.03566673751606686
Sr2AlVO6	-2.8411932749351765	0.1011481341171474
Sr2AlMnO6	-2.4684787531363326	0.033253221591304172
Sr2AlCoO6	-2.174740262087653	0.067833883631291947
Sr2AlZrO6	-2.943489858688281	0.060197818402548453
Sr2AlNbO6	-3.0045462846752344	-0.037262431746709623
Sr2AlMoO6	-2.692975665252379	0.022597235514478342
Sr2AlRuO6	-2.3246672976873013	-0.0076369518648231605
Sr2AlSbO6	-2.481267836639745	0.0075286832951029226
Sr2AlTeO6	-2.223829996934273	0.085381976249963021
Sr2AlIO6	-2.0131957481055	0.087735930916884808
Sr2AlHfO6	-2.9986152235088412	0.055905300897484356
Sr2AlTaO6	-3.0857892713911497	-0.052008067283486614
Sr2AlWO6	-2.7222598010032923	0.048038929857982193
Sr2AlReO6	-2.5253371891521965	0.047414089599413067
Sr2AlOsO6	-2.33282646094367	0.0036363622277297836
Sr2AlIrO6	-2.224888753313371	-0.11259204639422915
Sr2AlBiO6	-2.2189789442392795	0.044598653890579598
Sr2CaTiO6	-2.5744665369708857	0.16612736844751907
Sr2CaVO6	-2.5720030858883547	0.1786076432754049
Sr2CaMnO6	-2.238459711120231	0.077285753417459802
Sr2CaCoO6	-1.9764147197458442	0.074428746084536757
Sr2CaZrO6	-2.6370922116932887	0.17486478550897555
Sr2CaNbO6	-2.734491059357242	0.04955208062672245
Sr2CaMoO6	-2.6739167578582963	-0.00371117691208811
Sr2CaRuO6	-2.1904628361792673	-0.051000511955187733
Sr2CaSbO6	-2.286604551939763	0.0040812755379655563
Sr2CaTeO6	-2.2646334256042793	-0.038904405176011458
Sr2CaIO6	-1.9700027722095002	-0.073561798212790519
Sr2CaHfO6	-2.693160627823727	0.16962921669403297
Sr2CaTaO6	-2.8229499811413006	0.024510339012500104
Sr2CaWO6	-2.797431411055277	-0.032731232991379144
Sr2CaReO6	-2.53583472863329	-0.0083902445938535131
Sr2CaOsO6	-2.294871472275736	-0.03836229409701053
Sr2CaIrO6	-2.14865857963332	-0.20164941170060002
Sr2CaBiO6	-2.024195092704031	0.050614988445802922
Sr2ScTiO6	-2.992722208394389	0.04616562055534823
Sr2ScVO6	-2.971337764016698	0.07723056958457164
Sr2ScMnO6	-2.615810428205805	-0.0017710401367820872
Sr2ScCoO6	-2.343746654433198	0.0053234711097505105
Sr2ScZrO6	-3.0450340885067817	0.064880513132993478
Sr2ScNbO6	-3.136606305495661	-0.054269241980364313
Sr2ScMoO6	-2.8383896792957786	-0.025096537404715402
Sr2ScRuO6	-2.489991520452713	-0.05223527269730166
Sr2ScSbO6	-2.670346583533319	-0.08170315161807995
Sr2ScTeO6	-2.406524089312825	0.034082113209175979
Sr2ScIO6	-2.1920400419789985	0.0023585364552216603
Sr2ScHfO6	-3.1039045288222953	0.056842920132976538
Sr2ScTaO6	-3.2201164222236	-0.074362178538467383
Sr2ScWO6	-2.8851230806738384	-0.0025990261279806859
Sr2ScReO6	-2.6841991573366615	0.0099636041925244001
Sr2ScOsO6	-2.5062803702341627	-0.036772767230321524
Sr2ScIrO6	-2.405717267256841	-0.18457367106811917
Sr2ScBiO6	-2.4073007792925636	-0.034308880976004374
Sr2TiVO6	-2.950421888324945	-6.7078326578151604e-05
Sr2TiMnO6	-2.7194590685019646	-0.0008395664170164352
Sr2TiCoO6	-2.4327177942293927	0.030466221184956233
Sr2TiZrO6	-3.216658723884939	0.015404819960440186
Sr2TiNbO6	-3.018689140448805	-0.031290449463155401
Sr2TiMoO6	-2.771282003998931	0.018388244296328793
Sr2TiRuO6	-2.492682642375803	-0.014359538887038337
Sr2TiSbO6	-2.5176565834262874	0.088654613811813832
Sr2TiTeO6	-2.412568966620893	0.05807713098114009
Sr2TiIO6	-2.084824753497105	0.21750940516413886
Sr2TiHfO6	-3.2677531780354	0.015143213125475175
Sr2TiTaO6	-3.071377589827898	-0.035190316192110771
Sr2TiWO6	-2.7805473372029157	0.044753044192915148
Sr2TiReO6	-2.611851256673981	0.043991550633875942
Sr2TiOsO6	-2.459862169652479	0.0091098928133472867
Sr2TiIrO6	-2.406797073909911	-0.066819569106792542
Sr2TiBiO6	-2.4137889096309664	0.069275066527825224
Sr2VTiO6	-2.950421888324945	-6.7078326578151604e-05
Sr2VMnO6	-2.5301562653443397	0.053921702155716122
Sr2VCoO6	-2.305921804211721	0.12109504744528321
Sr2VZrO6	-2.9999639557323463	0.029857674707127302
Sr2VNbO6	-2.839257511541291	-0.04595196715908223
Sr2VMoO6	-2.591973016794327	0.047618026445434225
Sr2VRuO6	-2.306719145362331	0.094262179586758421
Sr2VSbO6	-2.354824299789834	0.14374766942397255
Sr2VTeO6	-2.142911397122316	0.24743555558694652
Sr2VIO6	        -2.203555736184626	0.072646960004211891
Sr2VHfO6	-3.0463117309878727	0.031391445152794351
Sr2VTaO6	-2.9044568094301213	-0.044244261842741661
Sr2VWO6	        -2.6089356952623346	0.056879516041908662
Sr2VReO6	-2.4284925149191623	0.098081521181768938
Sr2VOsO6	-2.263936306239702	0.12383468349354132
Sr2VIrO6	-2.2145660197624237	0.087754818737608264
Sr2VBiO6	-2.3118634982231017	0.15238907054708761
Sr2CrTiO6	-2.7777759462327594	-0.008124539745244963
Sr2CrVO6	-2.6041737575802473	0.046805219020234379
Sr2CrMnO6	-2.3333135529172067	0.0023205909398713587
Sr2CrCoO6	-2.048222995994729	0.1385839821248287
Sr2CrZrO6	-2.8363929555982397	0.0084937650561864864
Sr2CrNbO6	-2.746756243499294	-0.070834823022611459
Sr2CrMoO6	-2.467443855194324	-0.048711117073094279
Sr2CrRuO6	-2.119979604636319	0.059706527078879024
Sr2CrSbO6	-2.2127481428817193	0.022727952579888022
Sr2CrTeO6	-2.0141531307462173	0.16687301647665054
Sr2CrIO6	-1.9580636416624657	0.13159360409632659
Sr2CrHfO6	-2.8842965212958007	0.01142304667412164
Sr2CrTaO6	-2.814848356357288	-0.07242958470146732
Sr2CrWO6	-2.5018471800822226	-0.017965470104869929
Sr2CrReO6	-2.3034276768283233	-0.015302936007499657
Sr2CrOsO6	-2.1106780394728046	0.079022907535434062
Sr2CrIrO6	-1.998313128195332	0.11227266468936326
Sr2CrBiO6	-2.0501197994959512	0.16236982617060658
Sr2MnTiO6	-2.7194590685019646	-0.0008395664170164352
Sr2MnVO6	-2.530156265344158	0.053921702155897311
Sr2MnCoO6	-1.9539993508386033	0.070975936982226484
Sr2MnZrO6	-2.794869399484378	-0.0010145832325179072
Sr2MnNbO6	-2.6337555260532097	-0.013661225054965698
Sr2MnMoO6	-2.3534105881957657	0.041179750764711809
Sr2MnRuO6	-2.019540723035425	0.020573652859820601
Sr2MnSbO6	-2.136797785265844	0.034033933529663329
Sr2MnTeO6	-1.9664264608552913	0.066010909153222608
Sr2MnIO6	-1.7349875379215518	0.1368246456204909
Sr2MnHfO6	-2.842764516047828	0.0019231475195282677
Sr2MnTaO6	-2.699074683282197	-0.0080217661738970492
Sr2MnWO6	-2.4545011634312686	-0.0045094425875351618
Sr2MnReO6	-2.2122926801543144	0.0072406232628563494
Sr2MnOsO6	-2.014415166436629	0.016348168435678101
Sr2MnIrO6	-1.9192975510943142	-0.0053103099853157865
Sr2MnBiO6	-1.9833518347852077	0.061503413780064742
Sr2FeTiO6	-2.5477922790158116	0.018044875187570142
Sr2FeVO6	-2.3791978216682765	0.087220334865540483
Sr2FeMnO6	-2.0837955478202277	0.043832878789634933
Sr2FeCoO6	-1.854556627547754	0.017636312391509756
Sr2FeZrO6	-2.6135387388732854	0.027533729497008608
Sr2FeNbO6	-2.5024827767721947	-0.00060768835746793926
Sr2FeMoO6	-2.2725705326321988	0.043387423907733869
Sr2FeRuO6	-1.8975343750042157	-0.010202346990536126
Sr2FeSbO6	-2.0342654542846503	0.0012699905530952904
Sr2FeTeO6	-1.8453111563841957	0.034343865742751722
Sr2FeIO6	-1.6155081205955866	0.10190958770795477
Sr2FeHfO6	-2.65866387265869	0.033241443027099749
Sr2FeTaO6	-2.608272696706263	-0.036547601033004362
Sr2FeWO6	-2.362939326185187	0.0089117338248470013
Sr2FeReO6	-2.141623294128294	-0.0095392452554854401
Sr2FeOsO6	-1.921293960445837	-0.042260992850697843
Sr2FeIrO6	-1.8001089758332456	-0.03728620769197688
Sr2FeBiO6	-1.852083459734058	0.039989440949648403
Sr2CoTiO6	-2.4327177942293927	0.030466221184956233
Sr2CoVO6	-2.305921804211721	0.12109504744528277
Sr2CoMnO6	-1.9539993508387852	0.07097593698204463
Sr2CoZrO6	-2.505649147771874	0.032770181809386401
Sr2CoNbO6	-2.464952462560723	-0.012235336173502365
Sr2CoMoO6	-2.2135845867958777	0.057126634333735993
Sr2CoRuO6	-1.780827350072832	0.029669841289109877
Sr2CoSbO6	-1.9020229811383615	0.077236214815457505
Sr2CoTeO6	-1.691884049787768	0.11749222124266545
Sr2CoIO6	-1.520444424604102	0.10211656888794352
Sr2CoHfO6	-2.549252559767228	0.039999617129528264
Sr2CoTaO6	-2.53094824444961	-0.012173791313151217
Sr2CoWO6	-2.305243628503922	0.030981284228391637
Sr2CoReO6	-2.0711364230666733	0.054607255433235746
Sr2CoOsO6	-1.8148080549593941	0.022591178735277495
Sr2CoIrO6	-1.6998898315468978	-0.048292578955715815
Sr2CoBiO6	-1.7122834806326863	0.077136281261987349
Sr2NiTiO6	-2.344793957090951	0.03009289208298549
Sr2NiVO6	-2.227978429033101	0.11923733956344762
Sr2NiMnO6	-1.8702630871002839	0.079775321192937731
Sr2NiCoO6	-1.6056459397126672	0.077694050869854481
Sr2NiZrO6	-2.4272211854782655	0.01004666046258107
Sr2NiNbO6	-2.3782456341321447	0.0038966137468641193
Sr2NiMoO6	-2.196367243797249	0.013031757970163316
Sr2NiRuO6	-1.716442196364369	0.021034282974727425
Sr2NiSbO6	-1.849367967749822	0.037922899160695245
Sr2NiTeO6	-1.686629286740208	0.051267848753172585
Sr2NiIO6	-1.5026064443705764	0.0064003900677429559
Sr2NiHfO6	-2.4662380847837992	0.021862608472543066
Sr2NiTaO6	-2.45214552018133	-0.0052660188427839927
Sr2NiWO6	-2.2901260110902513	-0.0031743730931337311
Sr2NiReO6	-2.0343616397232838	0.062111370378254538
Sr2NiOsO6	-1.7421091093106953	0.025390237632964219
Sr2NiIrO6	-1.6316251917132831	-0.075624398113768532
Sr2NiBiO6	-1.65588163661414	0.046518789788344783
Sr2CuTiO6	-2.19602818088988	0.085733359886489779
Sr2CuVO6	-2.1403714412423143	0.14568663383747671
Sr2CuMnO6	-1.7847080893294334	0.061688465211796162
Sr2CuCoO6	-1.5286326904366434	0.063413628404759725
Sr2CuZrO6	-2.266498638952362	0.090498215990919562
Sr2CuNbO6	-2.284932609711359	0.026619181685123117
Sr2CuMoO6	-2.13955807938637	0.088812730990867284
Sr2CuRuO6	-1.670943239398366	-0.005626081083240031
Sr2CuSbO6	-1.7974572741388328	0.047250506096861544
Sr2CuTeO6	-1.65801625853328	0.044422706500268028
Sr2CuIO6	-1.4970624039096947	-0.029422024339873953
Sr2CuHfO6	-2.31076218550279	0.097067516755987793
Sr2CuTaO6	-2.3634845266553386	0.017412904415868624
Sr2CuWO6	-2.239143388919365	0.041675757586836504
Sr2CuReO6	-2.048618452232404	0.044615492235986487
Sr2CuOsO6	-1.7532874367896512	0.01581414719418972
Sr2CuIrO6	-1.5959229790623795	-0.12077731557483329
Sr2CuBiO6	-1.5727467512529985	0.035250536003695876
Sr2ZnTiO6	-2.285939843601045	0.15048421078436203
Sr2ZnVO6	-2.273716574063292	0.17272430406746997
Sr2ZnMnO6	-1.9187376360603594	0.092837977444333086
Sr2ZnCoO6	-1.6644673178978338	0.082206296899548503
Sr2ZnZrO6	-2.3244251503881967	0.18336199578106971
Sr2ZnNbO6	-2.4070838773523064	0.072789411598660259
Sr2ZnMoO6	-2.322423385777256	0.044048831733380478
Sr2ZnRuO6	-1.848641580279218	-0.013349107088136414
Sr2ZnSbO6	-1.91434024106984	0.07239397917360324
Sr2ZnTeO6	-1.8713868659391664	0.001027413970337232
Sr2ZnIO6	-1.648720920240521	-0.056013309679383116
Sr2ZnHfO6	-2.381721235293662	0.17689875819110057
Sr2ZnTaO6	-2.485180180506359	0.058110288614444006
Sr2ZnWO6	-2.4395093972552786	0.0082630189044268221
Sr2ZnReO6	-2.1716715119233414	0.046210532379067359
Sr2ZnOsO6	-1.9288932018707783	0.0049720568723017333
Sr2ZnIrO6	-1.7737907244083544	-0.15511090278396278
Sr2ZnBiO6	-1.669274576139287	0.10136565397754893
Sr2GaTiO6	-2.5607481152834226	0.082616178569173471
Sr2GaVO6	-2.5167974747006157	0.13103963389953632
Sr2GaMnO6	-2.138878136347921	0.069688991349813101
Sr2GaCoO6	-1.8529172709451813	0.1022361974424808
Sr2GaZrO6	-2.6071806766758527	0.1090863230836927
Sr2GaNbO6	-2.6816897779797726	-0.006071585854533712
Sr2GaMoO6	-2.3612617988157583	0.0628747887035499
Sr2GaRuO6	-2.006562592431874	0.015965746914238022
Sr2GaSbO6	-2.165270210842209	0.034216666701274878
Sr2GaTeO6	-1.943392281866818	0.069792685640536201
Sr2GaIO6	-1.7268081415931191	0.078433882469346461
Sr2GaHfO6	-2.6608987367762893	0.10620111029875234
Sr2GaTaO6	-2.7629046485306388	-0.019249019721610416
Sr2GaWO6	-2.3871971588629095	0.097425027847543699
Sr2GaReO6	-2.186121151105726	0.090231209960591308
Sr2GaOsO6	-2.007494616328222	0.033687397791870577
Sr2GaIrO6	-1.892538045270885	-0.068803838496432679
Sr2GaBiO6	-1.927868883766496	0.043843292669271561
Sr2YTiO6	-2.9395381240768073	0.10764449901855677
Sr2YVO6	        -2.9241045983742877	0.12411275344948081
Sr2YMnO6	-2.5663372895012797	0.055996892713369828
Sr2YCoO6	-2.2994798493187774	0.056155915185172489
Sr2YZrO6	-3.023140897839221	0.086422722023053566
Sr2YNbO6	-3.1160743846881815	-0.0254425270272578
Sr2YMoO6	-2.80402195370325	0.0089202064103122147
Sr2YRuO6	-2.469128056155205	-0.023077014254166084
Sr2YSbO6	-2.665945795330663	-0.077653345192925549
Sr2YTeO6	-2.3994043804951617	0.04949661617246548
Sr2YIO6	        -2.207500318741495	-0.013452722084775992
Sr2YHfO6	-3.0796762545046477	0.080720212673123015
Sr2YTaO6	-3.1953457025872014	-0.041296664756441448
Sr2YWO6	        -2.8450522436762187	0.045766605015266304
Sr2YReO6	-2.613709735205157	0.085489649355630082
Sr2YOsO6	-2.4838021212166495	-0.0059997240671814112
Sr2YIrO6	-2.3812364168792555	-0.15179802654490659
Sr2YBiO6	-2.4106708615152455	-0.032266094360769326
Sr2ZrTiO6	-3.216658723884939	0.015404819960440186
Sr2ZrVO6	-2.9999639557321642	0.029857674707309378
Sr2ZrMnO6	-2.794869399484378	-0.0010145832325179072
Sr2ZrCoO6	-2.505649147771692	0.032770181809569365
Sr2ZrNbO6	-3.0491433815663185	0.013490623586243089
Sr2ZrMoO6	-2.8073932876463004	0.048414067124622484
Sr2ZrRuO6	-2.5583263996682946	-0.0047679820126176331
Sr2ZrSbO6	-2.5989124297888337	0.077175157001429628
Sr2ZrTeO6	-2.488399298503282	0.057482113265662882
Sr2ZrIO6	-2.155734607375598	0.21055825083719482
Sr2ZrHfO6	-3.358818530847748	-0.00068682551996079866
Sr2ZrTaO6	-3.0900338050251777	0.021388782777521431
Sr2ZrWO6	-2.788636562669308	0.11189913289343467
Sr2ZrReO6	-2.6399350869651244	0.094079151724837828
Sr2ZrOsO6	-2.519922974199653	0.025288865511622571
Sr2ZrIrO6	-2.4773352815172984	-0.063711039303507189
Sr2ZrBiO6	-2.5207784048579924	0.037520885467711373
Sr2RhTiO6	-2.407103378849024	-0.0097077988059024456
Sr2RhVO6	-2.2529633770913278	0.10597998464327274
Sr2RhMnO6	-1.9193049934032387	0.049899959033588015
Sr2RhCoO6	-1.6539674110306806	0.055626109378499544
Sr2RhZrO6	-2.4788204652211787	-0.0061895710111454783
Sr2RhNbO6	-2.411220021245208	-0.026118418294566403
Sr2RhMoO6	-2.1209306152752108	0.10859825546032598
Sr2RhRuO6	-1.7345901074571883	0.0060318598570923143
Sr2RhSbO6	-1.8660262936977232	0.048485470929093832
Sr2RhTeO6	-1.6667050369471326	0.076291714493081697
Sr2RhIO6	-1.4565505043985467	0.092620238139369482
Sr2RhHfO6	-2.523120896801629	0.0003428447239004484
Sr2RhTaO6	-2.4770087857343244	-0.026074922131086531
Sr2RhWO6	-2.1848305968233035	0.10492678958978319
Sr2RhReO6	-1.9435339806112097	0.14939848339197037
Sr2RhOsO6	-1.733966510983737	0.035955133421837315
Sr2RhIrO6	-1.6302383295413165	-0.046230130238563705
Sr2RhBiO6	-1.6978070926619693	0.025824233861476698
Sr2CdTiO6	-2.1892801251429774	0.16076519527041455
Sr2CdVO6	-2.1729935837953236	0.18706856036342323
Sr2CdMnO6	-1.8261261551173447	0.099070724415333711
Sr2CdCoO6	-1.5634187026147628	0.096876178210605346
Sr2CdZrO6	-2.25604397781035	0.16536443438690185
Sr2CdNbO6	-2.3331711271292077	0.060323427849743982
Sr2CdMoO6	-2.2605056582843646	0.019151337656830858
Sr2CdRuO6	-1.774210888581365	-0.02529714936229821
Sr2CdSbO6	-1.8575817850718521	0.042555457400863528
Sr2CdTeO6	-1.8258458605863779	-0.03145448848772503
Sr2CdIO6	-1.599846874162631	-0.093954485170934188
Sr2CdHfO6	-2.3117606664008234	0.16048059311192464
Sr2CdTaO6	-2.4159181618381806	0.040993573310607268
Sr2CdWO6	-2.3703047673972835	-0.0089110852095930504
Sr2CdReO6	-2.1028842638752394	0.037960676297895457
Sr2CdOsO6	-1.8610537535176264	-0.0030412230063152634
Sr2CdIrO6	-1.712307018480351	-0.1598297648468967
Sr2CdBiO6	-1.6177991898261097	0.06646230631871175
Sr2HfTiO6	-3.2677531780354	0.015143213125475175
Sr2HfVO6	-3.0463117309878727	0.031391445152794351
Sr2HfMnO6	-2.842764516047828	0.0019231475195282677
Sr2HfCoO6	-2.549252559767228	0.039999617129528708
Sr2HfZrO6	-3.358818530847748	-0.00068682551996079866
Sr2HfNbO6	-3.0832208161167727	0.030246036351285088
Sr2HfMoO6	-2.851410081376798	0.055230120709620856
Sr2HfRuO6	-2.5978173824918485	0.0065738824793242223
Sr2HfSbO6	-2.6456797977742097	0.081240636331549432
Sr2HfTeO6	-2.530830566553777	0.065883692530663396
Sr2HfIO6	-2.2569079120250537	0.16021779350323495
Sr2HfTaO6	-3.1209369568658074	0.04131847825238788
Sr2HfWO6	-2.82168333205982	0.12968521081841899
Sr2HfReO6	-2.683211676639803	0.098699292150461915
Sr2HfOsO6	-2.5593784189602955	0.035661804987938694
Sr2HfIrO6	-2.5220893132527635	-0.057632223723476095
Sr2HfBiO6	-2.5598301347286907	0.049302002912508858
Sr2TaTiO6	-3.071377589827898	-0.035190316192110771
Sr2TaVO6	-2.9044568094301213	-0.044244261842741661
Sr2TaMnO6	-2.6990746832823787	-0.0080217661740786816
Sr2TaCoO6	-2.53094824444961	-0.012173791313151217
Sr2TaZrO6	-3.0900338050253593	0.021388782777339799
Sr2TaNbO6	-2.868029427014335	0.015484299878153251
Sr2TaMoO6	-2.6736652770543516	0.057365561240748875
Sr2TaRuO6	-2.486364862096343	0.010783327886497496
Sr2TaSbO6	-2.535282936196745	0.058079697922531093
Sr2TaTeO6	-2.4041647059013487	0.08722572966644293
Sr2TaIO6	-2.272478496932581	0.095163994311595612
Sr2TaHfO6	-3.1209369568658074	0.04131847825238788
Sr2TaWO6	-2.611928872612407	0.14545227580073306
Sr2TaReO6	-2.498583507975127	0.14319544160871533
Sr2TaOsO6	-2.398788881677683	0.10148699701080055
Sr2TaIrO6	-2.420453986530265	-0.023567202667004405
Sr2TaBiO6	-2.5602614011411786	-0.0045690373156501707
Sr2IrTiO6	-2.406797073909911	-0.066819569106792542
Sr2IrVO6	-2.214566019762242	0.087754818737789897
Sr2IrMnO6	-1.9192975510943142	-0.0053103099853157865
Sr2IrCoO6	-1.699889831546716	-0.04829257895553396
Sr2IrZrO6	-2.4773352815172984	-0.063711039303507189
Sr2IrNbO6	-2.35771875424125	-0.024249150547825504
Sr2IrMoO6	-2.0442707534413787	0.15021928245337257
Sr2IrRuO6	-1.6979160674532978	-0.0090272795197585687
Sr2IrSbO6	-1.7985009123238342	0.055160765133928313
Sr2IrTeO6	-1.6147301856913145	0.077649927993858725
Sr2IrIO6	-1.3853040479745686	0.09700237610343021
Sr2IrHfO6	-2.5220893132527635	-0.057632223723476095
Sr2IrTaO6	-2.420453986530083	-0.023567202666822773
Sr2IrWO6	-2.077119138239323	0.17657610261439904
Sr2IrReO6	-1.8572663439121242	0.21895953146062963
Sr2IrOsO6	-1.6726176646647217	0.080443185405445261
Sr2IrBiO6	-1.7351529068931995	-0.070528232365995702
Sr2PbTiO6	-2.391388287886002	0.046115560110320253
Sr2PbVO6	-2.2293073785731394	0.18750370099719538
Sr2PbMnO6	-1.944642689425018	0.05465243097778516
Sr2PbCoO6	-1.6535570089425164	0.090302624789687869
Sr2PbZrO6	-2.4983042579529866	0.014434904210247179
Sr2PbNbO6	-2.405506671551848	0.036330681662934516
Sr2PbMoO6	-2.239843796316927	0.061577353906205001
Sr2PbRuO6	-1.774602297119054	0.01954949348245405
Sr2PbSbO6	-1.9453258434044982	0.029200055977253392
Sr2PbTeO6	-1.8221296563689975	-0.012654109650732881
Sr2PbIO6	-1.5771256955154969	0.019426178502139457
Sr2PbHfO6	-2.5416972171085943	0.02187479237013612
Sr2PbTaO6	-2.4811209291812704	0.029594621035994084
Sr2PbWO6	-2.3491845909051334	0.033973245564493659
Sr2PbReO6	-2.079090249223009	0.077521660408553572
Sr2PbOsO6	-1.8444959804302925	0.026817322261575738
Sr2PbIrO6	-1.70030275067802	-0.068087276030655453
Sr2PbBiO6	-1.760233557383981	0.0035060370926658369
Sr2BiTiO6	-2.4137889096309664	0.069275066527825668
Sr2BiVO6	-2.3118634982231017	0.15238907054708761
Sr2BiMnO6	-1.9833518347852077	0.061503413780064742
Sr2BiCoO6	-1.7122834806323226	0.077136281262351281
Sr2BiZrO6	-2.5207784048579924	0.037520885467711373
Sr2BiNbO6	-2.4782326449119862	0.010962367734403511
Sr2BiMoO6	-2.1649484294321155	0.13144543924449881
Sr2BiRuO6	-1.8333827289789042	0.0057541038412332046
Sr2BiSbO6	-2.0211997996742865	-0.0034166323999667014
Sr2BiTeO6	-1.7971786885289476	0.044808099057778827
Sr2BiIO6	-1.5403680825555057	0.087781322102095771
Sr2BiHfO6	-2.5598301347286907	0.049302002912508858
Sr2BiTaO6	-2.5602614011411786	-0.0045690373156501707
Sr2BiWO6	-2.208500956140051	0.15089648195044036
Sr2BiReO6	-2.0058670422578873	0.1382370787145617
Sr2BiOsO6	-1.8417596581351972	0.02913238888626557
Sr2BiIrO6	-1.7351529068931995	-0.07052823236599548
Ba2AlTiO6	-2.8125126037656627	0.095176556051934202
Ba2AlVO6	-2.7404018004231148	0.2102455424349734
Ba2AlMnO6	-2.3620647877400187	0.21690170533704523
Ba2AlNbO6	-2.9439864664369453	0.0082574839372004938
Ba2AlMoO6	-2.6296082989170828	0.048795478031128159
Ba2AlRuO6	-2.2595255314640781	0.008481157228021452
Ba2AlSbO6	-2.4131575873944713	0.03149169693705689
Ba2AlTeO6	-2.1899987233585305	0.067553663919621698
Ba2AlIO6	-1.9877789349852719	0.064202176710257852
Ba2AlTaO6	-3.0239926617610764	-0.038641066728883011
Ba2AlWO6	-2.657805829705103	0.089321626103659124
Ba2AlReO6	-2.4556164818030992	0.093700877624185885
Ba2AlOsO6	-2.2694637681655876	-0.10658571939474104
Ba2AlIrO6	-2.1560173404530358	-0.013002657535388984
Ba2AlBiO6	-2.1810230575989409	0.060593382629122061
Ba2CaTiO6	-2.5869503849907232	0.13759686046264541
Ba2CaVO6	-2.5895988303930606	0.17308228342547016
Ba2CaMnO6	-2.2599520304900578	0.13104823354744921
Ba2CaNbO6	-2.7313163004471788	0.032961420887409165
Ba2CaMoO6	-2.6900534347820213	-0.06336093764398365
Ba2CaRuO6	-2.2114947729590311	-0.084726472376587481
Ba2CaSbO6	-2.2926600847796181	0.020943748082845381
Ba2CaTeO6	-2.2598651136539956	-0.17182099045266996
Ba2CaIO6	-1.9960925500552549	-0.13926496151777878
Ba2CaTaO6	-2.8159056206460265	-0.018520254653390023
Ba2CaWO6	-2.8030292756299788	-0.075075877000062796
Ba2CaReO6	-2.5509902174880152	-0.058557026399602918
Ba2CaOsO6	-2.308910818215554	-0.26644431555519033
Ba2CaIrO6	-2.1567037544030425	-0.13832781604742195
Ba2CaBiO6	-2.0113674560689105	0.042282755119595006
Ba2ScTiO6	-2.9855927306891319	0.037342531857439187
Ba2ScVO6	-2.9488062487165734	0.096200625004590812
Ba2ScMnO6	-2.588287930203478	0.085038093736663267
Ba2ScNbO6	-3.1351018697354447	-0.088498388498222447
Ba2ScMoO6	-2.8406569385705551	-0.066684852352015156
Ba2ScRuO6	-2.4858682407425476	-0.10280471255824475
Ba2ScSbO6	-2.6537100471029591	-0.10423943401424385
Ba2ScTeO6	-2.392650072937522	-0.039253596954714975
Ba2ScIO6	-2.2004995780937859	-0.05478346691127145
Ba2ScTaO6	-3.211931448969517	-0.13135388031155371
Ba2ScWO6	-2.890648556168526	-0.045523994841746074
Ba2ScReO6	-2.6851754813666049	-0.03379212603224202
Ba2ScOsO6	-2.5053281214790331	-0.25568344981737701
Ba2ScIrO6	-2.4013363977865994	-0.17955132198875701
Ba2ScBiO6	-2.3993484157475904	-0.063372444656450089
Ba2TiVO6	-2.8925185337746369	0.052861885133066888
Ba2TiMnO6	-2.6482806201267524	0.046589183315003169
Ba2TiNbO6	-3.0054832859887028	-0.031460250495911168
Ba2TiMoO6	-2.7500234236088543	0.015834569340374305
Ba2TiRuO6	-2.4624770271357193	0.00012791164332792704
Ba2TiSbO6	-2.5064126016862245	0.08087963226018946
Ba2TiTeO6	-2.3829249671257458	0.065537374387441005
Ba2TiIO6	-2.0977570927369924	0.19019021493518329
Ba2TiTaO6	-3.0577016519126117	-0.062856114776758787
Ba2TiWO6	-2.7674285115517705	0.031974010485449345
Ba2TiReO6	-2.5859653193047052	0.046687985577015478
Ba2TiOsO6	-2.4365250545371966	-0.035562638664441426
Ba2TiIrO6	-2.376735869479853	-0.036166985024776555
Ba2TiBiO6	-2.4023496181856898	0.053684828197492873
Ba2VTiO6	-2.8925331122746685	0.052847306633035274
Ba2VMnO6	-2.4516812341591505	0.14250590791661111
Ba2VNbO6	-2.817201984560961	-0.01746624907720884
Ba2VMoO6	-2.5540394775011008	0.092930857548435775
Ba2VRuO6	-2.2694768296280019	0.14709779719907612
Ba2VSbO6	-2.287087574403631	0.23114254987049243
Ba2VTeO6	-2.1451187913530703	0.25487484371199143
Ba2VIO6	        -1.9357290891593948	0.36050351012149084
Ba2VTaO6	-2.8818418232101068	-0.041102857061099396
Ba2VWO6	        -2.5872173717441003	0.084526244214179869
Ba2VReO6	-2.388613871922098	0.14972332664503218
Ba2VOsO6	-2.2295707167395449	0.11207048410987008
Ba2VIrO6	-2.1771036047570305	0.15193359769800185
Ba2VBiO6	-2.2866763899928628	0.17373401306822389
Ba2CrTiO6	-2.7116607471927638	0.028244984038641174
Ba2CrVO6	-2.5348848676700073	0.1132490142300413
Ba2CrMnO6	-2.2447974464121216	0.075199603759430023
Ba2CrNbO6	-2.7106949970489951	-0.060964507632888854
Ba2CrMoO6	-2.433437285884247	-0.033298357337457229
Ba2CrRuO6	-2.0764230642511392	0.08844443376443456
Ba2CrSbO6	-2.1645114214166825	0.098389172629194999
Ba2CrTeO6	-1.9822586409911309	0.18204754083273378
Ba2CrIO6	-1.7625281640974209	0.3316683913524916
Ba2CrTaO6	-2.7876614767579668	-0.096983582819319736
Ba2CrWO6	-2.4730120457572413	-0.00065317184215363255
Ba2CrReO6	-2.263853243489939	0.0064284043031697102
Ba2CrOsO6	-2.0763450764225126	0.012141488000293243
Ba2CrIrO6	-1.9528207972001836	0.1436937222912551
Ba2CrBiO6	-2.0430245673160243	0.14862615935757306
Ba2MnTiO6	-2.6496268761116881	0.045242927330067406
Ba2MnVO6	-2.4511664900241157	0.14302065205164594
Ba2MnNbO6	-2.6229186334079713	-0.014018449862426507
Ba2MnMoO6	-2.3585903294580932	0.0030119921807756356
Ba2MnRuO6	-1.9872107150849843	0.057683061961070869
Ba2MnSbO6	-2.1250096710955404	0.041832878764115566
Ba2MnTeO6	-1.9616499786900021	0.068664053051041618
Ba2MnIO6	-1.7311658011612963	0.19338594833856604
Ba2MnTaO6	-2.6951717341471522	-0.044469120401845252
Ba2MnWO6	-2.4544005901610944	-0.02366169387659145
Ba2MnReO6	-2.2064902471991443	0.0037500098269456217
Ba2MnOsO6	-1.9953502385265893	-0.025389887458197702
Ba2MnIrO6	-1.8668884605791392	0.090467892094869828
Ba2MnBiO6	-1.962922480490306	0.12580707278975733
Ba2FeTiO6	-2.4693873851705574	0.038859461041192755
Ba2FeVO6	-2.2661384282630026	0.21134996150312846
Ba2FeMnO6	-1.9738491502899707	0.13195838969513707
Ba2FeNbO6	-2.4724818591619622	0.0066031381202269479
Ba2FeMoO6	-2.2525080286019148	0.043718592679397261
Ba2FeRuO6	-1.8173101552740263	0.036258778419384408
Ba2FeSbO6	-2.0131396586393748	-0.019912282263996772
Ba2FeTeO6	-1.8343202337040565	0.0051061027234937661
Ba2FeIO6	-1.609075662475334	0.073417342710013322
Ba2FeTaO6	-2.5482023772410685	-0.020525859278606617
Ba2FeWO6	-2.3333194427750641	0.014100826332322125
Ba2FeReO6	-2.0132885389230069	0.086824984789230619
Ba2FeOsO6	-1.863389299755545	-0.063878106994480044
Ba2FeIrO6	-1.7830609148481016	-0.048103550089599878
Ba2FeBiO6	-1.8515422457290698	-0.0045438044315235793
Ba2CoTiO6	-2.3409811184492355	0.13802938880498949
Ba2CoVO6	-2.2134174136615909	0.22402833265000499
Ba2CoMnO6	-1.882972456263633	0.18279244026694008
Ba2CoNbO6	-2.4069880116507192	0.032054342176934369
Ba2CoMoO6	-2.2011039089054973	0.041651365986308697
Ba2CoRuO6	-1.7584663821175126	0.065866212618372444
Ba2CoSbO6	-1.8612890639529724	0.082518438964386043
Ba2CoTeO6	-1.6692115250974893	0.14097847237253536
Ba2CoIO6	-1.5021710826438721	0.11876839704511899
Ba2CoTaO6	-2.4700741483346063	0.0098782237003893769
Ba2CoWO6	-2.2987469039035204	0.020182334457467643
Ba2CoReO6	-2.0664832560865762	0.011367308836452317
Ba2CoOsO6	-1.7505225357341261	-0.057954035752072697
Ba2CoIrO6	-1.6832260837316426	0.0048526421509109685
Ba2CoBiO6	-1.6971664822773165	0.12059562006270408
Ba2NiTiO6	-2.2563010891006341	0.14766477642006093
Ba2NiVO6	-2.1587092945881521	0.20945596843350822
Ba2NiMnO6	-1.7886688150350891	0.20921152140419008
Ba2NiNbO6	-2.3447025086969004	0.035404521823852786
Ba2NiMoO6	-2.1799015676420823	0.025331386382958954
Ba2NiRuO6	-1.6567184478841228	0.095188347934754391
Ba2NiSbO6	-1.7997927727545175	0.078376129713956022
Ba2NiTeO6	-1.6661539996290231	0.068991356107471757
Ba2NiIO6	-1.4913006315602615	0.054594206395199851
Ba2NiTaO6	-2.4092283928810501	0.041379204535906489
Ba2NiWO6	-2.2805610397350393	0.00084587775918398833
Ba2NiReO6	-2.0229826282929935	0.031420491263133954
Ba2NiIrO6	-1.6160081569780231	-0.0029740728289993079
Ba2NiBiO6	-1.6166721079291164	0.1260453526773746
Ba2CuTiO6	-2.1483688781749151	0.13350016060618808
Ba2CuVO6	-2.0909134116571293	0.22633075242904432
Ba2CuMnO6	-1.7305102245090893	0.21505308979606097
Ba2CuNbO6	-2.2649108411209453	0.061216887547076659
Ba2CuMoO6	-2.1394663021861562	0.060584757472861739
Ba2CuRuO6	-1.6428031246281534	0.027365755328803143
Ba2CuSbO6	-1.7598181211935298	0.064352786524253025
Ba2CuTeO6	-1.6458186130430477	0.011994748344235084
Ba2CuIO6	-1.496983660969454	-0.057122319819450151
Ba2CuTaO6	-2.3299253397051869	0.041344782134206337
Ba2CuWO6	-2.2353850614790645	0.022733142810175355
Ba2CuReO6	-2.0371454050620743	0.012182105525304188
Ba2CuOsO6	-1.7436729135046334	-0.16383853905592782
Ba2CuIrO6	-1.554723087342063	-0.037792814182268319
Ba2CuBiO6	-1.5453679361631658	0.072036487920180026
Ba2ZnTiO6	-2.2756196543157783	0.14536392128957276
Ba2ZnVO6	-2.2501434342080757	0.20897400976243752
Ba2ZnMnO6	-1.8973574207850106	0.19007917340447888
Ba2ZnNbO6	-2.4051147664071322	0.062062570291869346
Ba2ZnMoO6	-2.334760163077044	0.0095629146263189746
Ba2ZnRuO6	-1.8437431366939563	-0.017714522190567239
Ba2ZnSbO6	-1.9034191700146039	0.04970021542934977
Ba2ZnTeO6	-1.8466102618389413	-0.051763608149318907
Ba2ZnIO6	-1.6385437675902721	-0.067460328024397498
Ba2ZnTaO6	-2.4799099613910585	0.013911734753560445
Ba2ZnWO6	-2.437151170330071	-0.012761441548172936
Ba2ZnReO6	-2.170480095513085	0.018389425727309394
Ba2ZnOsO6	-1.9236776640354947	-0.20477280005527509
Ba2ZnIrO6	-1.7511611324780461	-0.080844547434048453
Ba2ZnBiO6	-1.6602307912136893	0.089855750126798695
Ba2GaTiO6	-2.5178642266931091	0.088557455904834548
Ba2GaVO6	-2.4578542847506468	0.1879032899596722
Ba2GaMnO6	-2.0167801417876037	0.25729658314169246
Ba2GaNbO6	-2.6542950102095348	-0.003762688059487207
Ba2GaMoO6	-2.3332444618095907	0.061067849777421301
Ba2GaRuO6	-1.9651655950516216	0.0016682480392100629
Ba2GaSbO6	-2.1238927036220048	0.024701490475763421
Ba2GaTeO6	-1.9238884547465205	0.047286342360007616
Ba2GaIO6	-1.7116961569327942	0.053093039111036244
Ba2GaTaO6	-2.7339555937534898	-0.039861411389347179
Ba2GaWO6	-2.3579331119126437	0.10345457571600036
Ba2GaReO6	-2.1537701291656051	0.093163341408974976
Ba2GaOsO6	-1.9633854127430823	-0.088242163277319152
Ba2GaIrO6	-1.8507076725954903	-0.012555502856880008
Ba2GaBiO6	-1.8948667886616022	0.047894331684471769
Ba2SrTiO6	-2.4858714086042708	0.21384698349220388
Ba2SrVO6	-2.4969814921964826	0.21816969543156128
Ba2SrMnO6	-2.1550865764886113	0.18838376135840873
Ba2SrNbO6	-2.6292969394655303	0.10447138554646918
Ba2SrMoO6	-2.5924836588156723	-0.013321087868121584
Ba2SrRuO6	-2.1197097493476575	-0.016218066171119982
Ba2SrSbO6	-2.2088271594030631	0.052595437465890793
Ba2SrTeO6	-2.1899988730226143	-0.12483082473108897
Ba2SrIO6	-1.9196349980487866	-0.11033733570179693
Ba2SrTaO6	-2.7155196909844563	0.090722187790027053
Ba2SrWO6	-2.7081612975186546	-0.027737825079225509
Ba2SrReO6	-2.4603346363664969	-0.015431371468570987
Ba2SrOsO6	-2.2201013797939595	-0.19640916829707322
Ba2SrIrO6	-2.0715074298716898	-0.11531877837959414
Ba2SrBiO6	-1.9240006699572405	0.08226369048503801
Ba2YTiO6	-2.9535408162817474	0.078729845381076746
Ba2YVO6	        -2.9307262368290141	0.11061564790179546
Ba2YMnO6	-2.518075424716153	0.15158561023363326
Ba2YNbO6	-3.1138084995880488	-0.070870007341181651
Ba2YMoO6	-2.8168172428081562	-0.054760273090838751
Ba2YRuO6	-2.4762262067501069	-0.059306093428654005
Ba2YSbO6	-2.6639856029155453	-0.10517959071057703
Ba2YTeO6	-2.3871199579000857	-0.041513534663067286
Ba2YIO6	        -2.1893336045813157	-0.053331706314361238
Ba2YTaO6	-3.1936077251320056	-0.10369475735778888
Ba2YWO6	        -2.866703457116091	-0.020910422077463409
Ba2YReO6	-2.6675883152539428	-0.015536486207732736
Ba2YOsO6	-2.4963157793064967	-0.25858622414606325
Ba2YIrO6	-2.3940432027941823	-0.17449172315890449
Ba2YBiO6	-2.3989416463798987	-0.063319268510818816
Ba2ZrTiO6	-3.204696987479656	0.0024024998490861371
Ba2ZrVO6	-2.9845552513421354	0.050357462407378151
Ba2ZrMnO6	-2.6341251518790161	0.15056128759409448
Ba2ZrNbO6	-3.0644826220910546	-0.0006429505669074409
Ba2ZrMoO6	-2.81469259839605	0.02266822983001493
Ba2ZrRuO6	-2.5355533629280216	0.019813803322692447
Ba2ZrSbO6	-2.5873263737435082	0.092170749504619565
Ba2ZrTeO6	-2.4719973378029865	0.06628163974155532
Ba2ZrIO6	-2.1735416754792825	0.18040571763716562
Ba2ZrTaO6	-3.1079936854550398	-0.031339563929113634
Ba2ZrWO6	-2.8157980404440424	0.066771885690483757
Ba2ZrReO6	-2.6593130886471044	0.063156852265971342
Ba2ZrOsO6	-2.5246571018496069	-0.088819452209054184
Ba2ZrIrO6	-2.4826815088270449	-0.066513802869974104
Ba2ZrBiO6	-2.4975691968531466	0.048281885561391125
Ba2RhTiO6	-2.370794127848967	0.010918229480392672
Ba2RhVO6	-2.2110156009011916	0.16129171637765483
Ba2RhMnO6	-1.8541147364931021	0.14651173100472104
Ba2RhNbO6	-2.3986878934301785	-0.023919486510676435
Ba2RhMoO6	-2.1007832185350708	0.10842626352550777
Ba2RhRuO6	-1.6788594050021857	0.053658508214373901
Ba2RhSbO6	-1.798839115807823	0.077903775128361552
Ba2RhTeO6	-1.6406359669621451	0.078325417707699518
Ba2RhIO6	-1.4387827499384003	0.099908546633088235
Ba2RhTaO6	-2.4618305209442042	-0.036709035202220353
Ba2RhWO6	-2.1759691553781524	0.10439690254706857
Ba2RhReO6	-1.966681806536144	0.088022414088928524
Ba2RhOsO6	-1.6899665951186762	-0.071149552015489892
Ba2RhIrO6	-1.5460319007212093	0.062679747904941685
Ba2RhBiO6	-1.6743476963969441	0.046116256018211566
Ba2AgTiO6	-2.0413836710067699	0.11535507836915748
Ba2AgVO6	-1.9883986062141048	0.2064740115269843
Ba2AgMnO6	-1.6030854043561704	0.22010636360389513
Ba2AgNbO6	-2.1575375656129836	0.038931659644163119
Ba2AgMoO6	-2.0304270437431113	0.079359992995978512
Ba2AgRuO6	-1.5376250730601897	-0.020758058046530525
Ba2AgSbO6	-1.6463395024156853	0.044166068573372463
Ba2AgTeO6	-1.5531232394050676	-0.0076670193122934105
Ba2AgIO6	-1.4579924764264434	-0.12144507782484171
Ba2AgTaO6	-2.2274569772920585	0.012530753641817771
Ba2AgWO6	-2.128939544486093	0.031934517699482967
Ba2AgReO6	-1.9907523160489291	0.025005524400118384
Ba2AgOsO6	-1.6788628336364126	-0.16190355458738859
Ba2AgIrO6	-1.4580418106641446	-0.062514985619903207
Ba2AgBiO6	-1.4466059886697622	0.039235726441302132
Ba2CdTiO6	-2.1877736893527073	0.14674021864066189
Ba2CdVO6	-2.1716204701751849	0.20102730618334652
Ba2CdMnO6	-1.8127697808871743	0.1881971456903333
Ba2CdNbO6	-2.3274635394489449	0.046780844425643231
Ba2CdMoO6	-2.2604853994091174	-0.0014525980720918596
Ba2CdRuO6	-1.7653865838710772	-0.07074441023997613
Ba2CdSbO6	-1.8357517316166194	0.030897986215352224
Ba2CdTeO6	-1.7930091970860302	-0.084042515385567285
Ba2CdIO6	-1.5842801464673357	-0.098486983267798589
Ba2CdTaO6	-2.4039597588281141	0.048103705425841969
Ba2CdWO6	-2.3667224976121362	-0.02880243644221947
Ba2CdReO6	-2.0984428286701586	0.0039570249582538963
Ba2CdOsO6	-1.8509472960377025	-0.21221610323968898
Ba2CdIrO6	-1.6970066017901444	-0.14272421414146552
Ba2CdBiO6	-1.5875082737013144	0.076108600027191553
Ba2InTiO6	-2.4578878545247789	0.064809377476649832
Ba2InVO6	-2.4164758251270539	0.12848543654452005
Ba2InMnO6	-2.0353842653290486	0.13789614656150206
Ba2InNbO6	-2.6070969336460621	-0.060539064458430936
Ba2InMoO6	-2.2852991266359823	0.029651015499682298
Ba2InSbO6	-2.1012407983536834	-0.052008215810110503
Ba2InTeO6	-1.889739399832979	-0.033330283378484094
Ba2InIO6	-1.6714591944391941	-0.019626700120215945
Ba2InTaO6	-2.6859720606050361	-0.10563252249221478
Ba2InWO6	-2.3153190377889588	0.080581259159377527
Ba2InReO6	-2.1128514126719891	0.047528676734843511
Ba2InOsO6	-1.8946154847344587	-0.13716706516787536
Ba2InBiO6	-1.85441712158281	-0.018486762541260804
Ba2HfTiO6	-3.2494799109051202	0.010093532070049704
Ba2HfVO6	-3.0245405493576074	0.060033371849735673
Ba2HfMnO6	-2.6693732949795956	0.16778710013994313
Ba2HfNbO6	-3.0979735288814481	0.01834009828912686
Ba2HfMoO6	-2.856464099241566	0.03274886823725609
Ba2HfRuO6	-2.5973304279835245	0.0075651024733058847
Ba2HfSbO6	-2.6280528282090017	0.096317610429302203
Ba2HfTeO6	-2.5149080840335047	0.075844849157465255
Ba2HfIO6	-2.2167571007697915	0.18888697750099581
Ba2HfTaO6	-3.1349397307055371	-0.0058116535331826924
Ba2HfWO6	-2.8396182664545448	0.095425615326409474
Ba2HfReO6	-2.6941660204175606	0.080777876141943761
Ba2HfOsO6	-2.5486278680400574	-0.062181711934090167
Ba2HfIrO6	-2.5168466864874972	-0.048205024883997805
Ba2HfBiO6	-2.5412074394182129	0.057117598642753009
Ba2PbTiO6	-2.3807661066657602	0.012641184234871705
Ba2PbVO6	-2.20980461950312	0.20816403232038283
Ba2PbMnO6	-1.788717013195128	0.25757078884735152
Ba2PbNbO6	-2.3739535962271474	0.045611663112413048
Ba2PbMoO6	-2.182790892742196	0.075968005607865319
Ba2PbRuO6	-1.7340112124842562	0.0089116268733842041
Ba2PbSbO6	-1.9256573125894647	-0.0045739816987362403
Ba2PbTeO6	-1.7794845408590845	-0.045117129101587716
Ba2PbIO6	-1.5490911405053338	0.00098742513554284095
Ba2PbTaO6	-2.4492322218458868	0.0077781528661944321
Ba2PbWO6	-2.2902488568750412	0.069770942966897564
Ba2PbReO6	-2.0291196796282747	0.095379912672160838
Ba2PbOsO6	-1.792784270055563	-0.14706273135702763
Ba2PbIrO6	-1.6552742377181857	-0.037008853399493002
Ba2PbBiO6	-1.733011942453959	-0.0008530564675310881
Ba2BiTiO6	-2.4023497474405304	0.053684698942652265
Ba2BiVO6	-2.2867516362730385	0.1736587667880487
Ba2BiMnO6	-1.8686335810252785	0.22009597225478483
Ba2BiNbO6	-2.4526181274868577	0.009388883090286626
Ba2BiMoO6	-2.1417609089021425	0.12438725876794132
Ba2BiSbO6	-1.9936311375597142	-0.035405596102161097
Ba2BiTeO6	-1.775372070874073	0.042259015458194105
Ba2BiIO6	-1.5737247283752367	0.027378906605273867
Ba2BiTaO6	-2.532979166050791	-0.024455958761154584
Ba2BiWO6	-2.1779590966398246	0.15600072182520908
Ba2BiReO6	-1.9844031791930319	0.10955340392741508
Ba2BiOsO6	-1.8211051840655272	-0.13585790169980783
Ba2BiIrO6	-1.7149918432332925	-0.046000612427087306
Ca2AlTiO6	-2.8796574883637733	0.048090734095478815
Ca2AlVO6	-2.8523004650513029	0.072112413919296792
Ca2AlNbO6	-3.0031049657251061	-0.034113273648723297
Ca2AlMoO6	-2.6943464863102236	0.022887090986145164
Ca2AlRuO6	-2.3527566292122173	-0.035943895655634606
Ca2AlSbO6	-2.5068316320476698	-8.1353533585293292e-05
Ca2AlTeO6	-2.2493848806171628	0.089740539396734764
Ca2AlHfO6	-2.9775453540666605	0.087424256550377777
Ca2AlTaO6	-3.0841281796992916	-0.041354738098179578
Ca2AlWO6	-2.7230154951382248	0.065294381268119928
Ca2AlReO6	-2.5325987305012858	0.039320217905333799
Ca2AlOsO6	-2.3614727822787245	-0.0047681095631899595
Ca2AlIrO6	-2.2510897100712102	-0.098289680328105256
Ca2AlBiO6	-2.249489061667191	0.011392208947802462
Ca2ScTiO6	-2.9853675700973326	0.070477212725086336
Ca2ScVO6	-2.9713040831297803	0.081160698922409846
Ca2ScNbO6	-3.1472066223635919	-0.045962839623598484
Ca2ScMoO6	-2.8389532814687302	-2.2344512596639277e-05
Ca2ScRuO6	-2.5028786071607101	-0.057969313240960219
Ca2ScSbO6	-2.6768377093911111	-0.041990870513859413
Ca2ScTeO6	-2.4220475032856483	0.058591659577087007
Ca2ScHfO6	-2.9650338252651638	0.22803234571504127
Ca2ScTaO6	-3.2240308885777269	-0.048183421168915164
Ca2ScWO6	-2.8794701062416608	0.044861729293188102
Ca2ScReO6	-2.6829481343896986	0.024142256298607112
Ca2ScOsO6	-2.5119088816321891	-0.027107648553487795
Ca2ScIrO6	-2.4103198482747756	-0.12942325816850353
Ca2ScBiO6	-2.4224488462456066	-0.033471015267446003
Ca2TiVO6	-2.9503536421778334	-0.010646064313004633
Ca2TiNbO6	-3.0093994054368522	-0.019455319425924156
Ca2TiMoO6	-2.7546944956769948	0.017871243318329011
Ca2TiRuO6	-2.4990764875390594	-0.0074972174426872762
Ca2TiSbO6	-2.5291871962745063	0.082762028522911368
Ca2TiTeO6	-2.4319995338939409	0.053213849374969868
Ca2TiHfO6	-3.2786014042234455	0.0034284591398772157
Ca2TiTaO6	-2.9898420467257893	0.035806052654109077
Ca2TiWO6	-2.7263778334499875	0.09496521969413152
Ca2TiReO6	-2.5974035563078361	0.053249927589119839
Ca2TiOsO6	-2.4640318651752748	0.027952778342906104
Ca2TiIrO6	-2.4132666279430852	-0.043406345453695483
Ca2TiBiO6	-2.4350557486784963	0.042885774682781985
Ca2VTiO6	-2.9485056831128533	-0.0087981052480246014
Ca2VNbO6	-2.8320562706141574	-0.042960564490713615
Ca2VMoO6	-2.5669640614942182	0.038042700310279898
Ca2VRuO6	-2.3142606782412258	0.08328939669934643
Ca2VSbO6	-2.3208305470418056	0.16869516932666651
Ca2VTeO6	-2.2070076883912408	0.17247152361183193
Ca2VHfO6	-2.9678139919057687	0.10911497411684667
Ca2VTaO6	-2.8264402220282134	0.018680160226242748
Ca2VWO6	        -2.5407301041372192	0.092415156761557871
Ca2VReO6	-2.4051430458403047	0.10666241484831973
Ca2VOsO6	-2.2684436542178448	0.12419377449485181
Ca2VIrO6	-2.2376443070003007	0.071671937583998258
Ca2VBiO6	-2.5142533396014186	-0.056171521772875987
Ca2CrTiO6	-2.7817658221358217	-0.010455250153624362
Ca2CrVO6	-2.6127034990631728	0.032753056520762769
Ca2CrNbO6	-2.7491330626073252	-0.056270035478701352
Ca2CrMoO6	-2.4056491979823478	0.033346015808031648
Ca2CrRuO6	-2.1443196769192583	0.041206837428467313
Ca2CrSbO6	-2.2233868822297156	0.022144851069524574
Ca2CrTeO6	-2.035464269919339	0.14963794564089072
Ca2CrHfO6	-2.8858902035888603	0.022641756551123216
Ca2CrTaO6	-2.8250296383361273	-0.062097522464468202
Ca2CrWO6	-2.4367574216103094	0.071653921383381114
Ca2CrReO6	-2.3021936269831711	-0.010552953987946978
Ca2CrOsO6	-2.051673032065628	0.13405616899300199
Ca2CrIrO6	-2.0329962677384175	0.091670752805816935
Ca2CrBiO6	-2.1265530517342994	0.092437287274727442
Ca2MnTiO6	-2.6896090448199175	0.038264211458514552
Ca2MnVO6	-2.542190166337241	0.040181850938968644
Ca2MnNbO6	-2.6482522001062536	-0.017823697661788707
Ca2MnMoO6	-2.3773785039911672	0.011640735716022199
Ca2MnRuO6	-2.0732348235082099	0.0014092276610582211
Ca2MnSbO6	-2.1614693194089343	0.033544686461379314
Ca2MnTeO6	-1.9883522779731719	0.08186431945312389
Ca2MnHfO6	-2.8491091902427796	0.015985454193439441
Ca2MnTaO6	-2.7268929486152045	-0.026395357427704269
Ca2MnWO6	-2.4668893838492294	0.0014389726356967003
Ca2MnReO6	-2.2112963965771995	0.033674018537729111
Ca2MnOsO6	-2.0551543490297264	0.019895075561350062
Ca2MnIrO6	-1.9289932867472088	0.023931776815076411
Ca2MnBiO6	-2.0135410619681351	0.047465242466038671
Ca2FeTiO6	-2.5715848786740025	-0.0055910872425553038
Ca2FeVO6	-2.4026997085062249	0.049575168919947732
Ca2FeNbO6	-2.5192092264152963	-0.020833538579017929
Ca2FeMoO6	-2.287951882775269	0.017254930426600534
Ca2FeRuO6	-1.9422832705973634	-0.029518684275080975
Ca2FeSbO6	-2.0634900175127768	-0.017413623811762591
Ca2FeTeO6	-1.8701929528873733	0.036205746607447686
Ca2FeHfO6	-2.6746773364318868	0.028537843157346643
Ca2FeTaO6	-2.5872081810994132	-0.020038304180463484
Ca2FeWO6	-2.3686128928284234	0.013164547580982067
Ca2FeReO6	-2.1413019549063392	-0.0073471560752080833
Ca2FeOsO6	-1.939490920058597	-0.025230468205154288
Ca2FeIrO6	-1.8303043732013975	-0.039258774486097492
Ca2FeBiO6	-1.8861829831319483	0.01294385645524021
Ca2CoTiO6	-2.450483215312306	0.028566766021853596
Ca2CoVO6	-2.3273456461298339	0.095473577431134604
Ca2CoNbO6	-2.4678359848336187	0.0021357531202377267
Ca2CoMoO6	-2.2135694572687497	0.0675857549279959
Ca2CoRuO6	-1.8278473349357227	0.0024081581160206866
Ca2CoSbO6	-1.9274667607411176	0.077689862363335749
Ca2CoTeO6	-1.7282272605907565	0.12111895865739708
Ca2CoHfO6	-2.5554859734202182	0.060785396071727504
Ca2CoTaO6	-2.5396375330727095	0.0040309703648082618
Ca2CoWO6	-2.3087218079466765	0.06248834850789553
Ca2CoReO6	-2.0823854865348039	0.045228941923427524
Ca2CoOsO6	-1.8501966496172826	0.0049143676886207466
Ca2CoIrO6	-1.7167215484247209	-0.012619759806708597
Ca2CoBiO6	-1.7427128686853393	0.069470160804561143
Ca2NiTiO6	-2.369259167723976	0.017700878230187289
Ca2NiVO6	-2.2518170839563028	0.10398556456079122
Ca2NiNbO6	-2.3889373132302354	0.012623076761792529
Ca2NiMoO6	-2.208478554370231	0.027961943702000003
Ca2NiRuO6	-1.7688611918221795	-0.013983492873933079
Ca2NiSbO6	-1.8717003025278245	0.071908176047077665
Ca2NiTeO6	-1.7393264029422426	0.036936305811711145
Ca2NiHfO6	-2.480951885266768	0.043229548845181043
Ca2NiTaO6	-2.4605052857541523	0.011124192980911385
Ca2NiWO6	-2.3040804575082801	0.011669157341688052
Ca2NiReO6	-2.0531349840512121	0.045634742778310144
Ca2NiOsO6	-1.8247979864887385	-0.031235113712386964
Ca2NiIrO6	-1.6742948382861869	-0.062282985048170758
Ca2NiBiO6	-1.6834895647520169	0.036603529357887243
Ca2CuTiO6	-2.2161606045679947	0.11606157091484892
Ca2CuVO6	-2.1850047428753898	0.13498734576055593
Ca2CuNbO6	-2.3167995887542929	0.05237655420050924
Ca2CuMoO6	-2.1607886048343063	0.061938795913874856
Ca2CuRuO6	-1.7060955372062381	0.015191149373936508
Ca2CuSbO6	-1.8331726707068809	0.07805156083079523
Ca2CuTeO6	-1.7052868398312058	0.023125470640320556
Ca2CuHfO6	-2.3201602966557404	0.14928326698488936
Ca2CuTaO6	-2.3960887233082757	0.043156508389561754
Ca2CuWO6	-2.2506251981472816	0.062157146858726087
Ca2CuReO6	-2.0688823613152634	0.025448569259400422
Ca2CuOsO6	-1.7881939137578229	-0.027015288018696682
Ca2CuIrO6	-1.6232312622503742	-0.0659572794836778
Ca2CuBiO6	-1.6314677466511056	0.033887476987479292
Ca2ZnTiO6	-2.2791198477640138	0.17463927627245557
Ca2ZnVO6	-2.2831659106412188	0.16725786990659852
Ca2ZnNbO6	-2.41522846891512	0.084063626883653431
Ca2ZnMoO6	-2.3507173128951764	0.041456855618934974
Ca2ZnRuO6	-1.8693334768071508	-0.026509841673350465
Ca2ZnSbO6	-1.9353757289325586	0.09738545115874353
Ca2ZnTeO6	-1.8945150180370547	0.0033440602004022324
Ca2ZnHfO6	-2.3866767955765682	0.20430371661768776
Ca2ZnTaO6	-2.4937402014542385	0.08015557901335324
Ca2ZnWO6	-2.4562950724781332	0.025934040293805083
Ca2ZnReO6	-2.184446759846105	0.034930582176063929
Ca2ZnOsO6	-1.9484796087337599	-0.031308159272248171
Ca2ZnIrO6	-1.8033877162411955	-0.12457678492087343
Ca2ZnBiO6	-1.6953489795523637	0.091543192639846893
Ca2GaTiO6	-2.5462158623462527	0.096885990185801241
Ca2GaVO6	-2.5242575434987886	0.10647869882012495
Ca2GaNbO6	-2.6834913688428061	-0.0077250509839661419
Ca2GaMoO6	-2.3725904963977884	0.05523623506603581
Ca2GaRuO6	-2.038801224549752	-0.006634860920367025
Ca2GaSbO6	-2.1983392323450972	0.023764676241789129
Ca2GaTeO6	-1.9665600741446725	0.077082655872641404
Ca2GaHfO6	-2.6544533804641106	0.12586986022572955
Ca2GaTaO6	-2.7741316435667613	-0.028286254781034081
Ca2GaWO6	-2.4016997173757773	0.097538006680717437
Ca2GaReO6	-2.2097443190838022	0.06669193932623374
Ca2GaOsO6	-2.0447263468311574	0.027331955957178522
Ca2GaIrO6	-1.931633639888787	-0.063479980072880249
Ca2GaBiO6	-1.9538907896145248	0.022344111073270501
Ca2YTiO6	-2.9512956186398696	0.11375059145407329
Ca2YVO6	        -2.9317047513771284	0.13000611522816152
Ca2YNbO6	-3.1264413231312576	-0.015862141275011066
Ca2YMoO6	-2.8077328244862656	0.040399539741390988
Ca2YRuO6	-2.4761888455232111	-0.02207812433193812
Ca2YSbO6	-2.6776498671437365	-0.033601600994961345
Ca2YTeO6	-2.4153385026782415	0.074636059300746904
Ca2YHfO6	-3.0874720641627391	0.1147955340889899
Ca2YTaO6	-3.2120664922651487	-0.026883625740083517
Ca2YWO6	        -2.84922351065934	0.084588968718367408
Ca2YReO6	-2.6527383694170568	0.064965797215589927
Ca2YOsO6	-2.4921786490045634	0.0018240113456613471
Ca2YIrO6	-2.3825882307923165	-0.092490213414520905
Ca2YBiO6	-2.424182986898086	-0.02600372864840228
Ca2ZrTiO6	-3.2204322896927806	0.0017152202376111703
Ca2ZrVO6	-2.9982822174052672	0.018764395184416305
Ca2ZrNbO6	-3.039675534439084	0.027607586296698905
Ca2ZrMoO6	-2.8074036960042577	0.042501077715921376
Ca2ZrRuO6	-2.5591424690561326	0.0097758357650943317
Ca2ZrSbO6	-2.6254658760017264	0.063822383520546033
Ca2ZrTeO6	-2.5062764427261754	0.056275975267590095
Ca2ZrHfO6	-3.3677626472806876	-0.0083937491925096808
Ca2ZrTaO6	-3.0780141627982629	0.02602462426839347
Ca2ZrWO6	-2.7741372695221798	0.13230785529131017
Ca2ZrReO6	-2.655557652420248	0.077346704888207274
Ca2ZrOsO6	-2.5173702539126679	0.05195342433036787
Ca2ZrIrO6	-2.4785185209051632	-0.031319203690918673
Ca2ZrBiO6	-2.5305857820159874	0.024694776070145696
Ca2PdTiO6	-2.3066478424669183	-0.017517579028117236
Ca2PdVO6	-2.1508584703242377	0.12619121418889989
Ca2PdNbO6	-2.2860031327480099	0.034195530822520581
Ca2PdMoO6	-2.1233701702281906	0.095429902251241039
Ca2PdRuO6	-1.6878709512402565	-0.0096761767041244617
Ca2PdSbO6	-1.8028937275907082	0.065238591902925691
Ca2PdTeO6	-1.6963625196851353	0.0063385153490649326
Ca2PdHfO6	-2.4317977932296344	-0.0054461416330466861
Ca2PdTaO6	-2.3578499811372238	0.033929303151602586
Ca2PdWO6	-1.9879792651910975	0.31012992406607176
Ca2PdReO6	-1.9945939103241472	0.083638398641821876
Ca2PdOsO6	-1.7391060338217357	0.004691319605096167
Ca2PdIrO6	-1.6013436771241687	-0.08716160640151438
Ca2PdBiO6	-1.6250424315247074	-0.0027791199301647751
Ca2CdTiO6	-2.208813619470857	0.16678426145167613
Ca2CdVO6	-2.2021677039232599	0.16455588384525699
Ca2CdNbO6	-2.3484564210873939	0.06436600709939766
Ca2CdMoO6	-2.2794473866571936	0.03456553874298196
Ca2CdRuO6	-1.7932228631392717	-0.028560471119408071
Ca2CdSbO6	-1.886283794504743	0.06831614247262241
Ca2CdTeO6	-1.8460219721392606	-0.012648680972688675
Ca2CdHfO6	-2.3234680171887705	0.18935125189154878
Ca2CdTaO6	-2.4296709038811968	0.057755208974413552
Ca2CdWO6	-2.1604791501802536	0.23528029497970238
Ca2CdReO6	-2.1186759412732501	0.023668060408211566
Ca2CdOsO6	-1.8795249426457303	-0.040514736298155274
Ca2CdIrO6	-1.7344882688532379	-0.13383858064685228
Ca2CdBiO6	-1.6459811829190585	0.062749746159215913
Ca2InTiO6	-2.4641021657878808	0.098850129380048557
Ca2InVO6	-2.4400193181752909	0.11710446192552526
Ca2InNbO6	-2.6188682039692139	-0.017862451774362853
Ca2InMoO6	-2.3075952158544171	0.061075863983053758
Ca2InRuO6	-1.973604525346309	-0.021587719081048728
Ca2InSbO6	-2.1527393075417423	-0.010784956318980132
Ca2InTeO6	-1.9226651942162789	0.057735938101314055
Ca2InHfO6	-2.5920867671808083	0.10808691614490717
Ca2InTaO6	-2.7014257930281018	-0.025816356164432008
Ca2InWO6	-2.3483988077872708	0.10534087315110474
Ca2InReO6	-2.1471403545052454	0.059712005637917454
Ca2InOsO6	-1.9846180946977257	0.0072906507264860476
Ca2InIrO6	-1.8704804842403973	-0.082476381788614717
Ca2InBiO6	-1.9146956013311864	-0.018610258007515812
Ca2BiTiO6	-2.4336014771091867	0.044340046252091536
Ca2BiVO6	-2.0800558383663885	0.3780259794621541
Ca2BiNbO6	-2.5039227011398908	-0.001550383877110928
Ca2BiMoO6	-2.1864815454700874	0.11361871658885647
Ca2BiRuO6	-1.8489143403869093	0.001248063708067404
Ca2BiSbO6	-1.9850495039725502	0.055050445079927846
Ca2BiTeO6	-1.8110660861020733	0.070701611283447985
Ca2BiHfO6	-2.5737980099667768	0.04136490155228767
Ca2BiTaO6	-2.5761889517791134	0.00078705015248470289
Ca2BiWO6	-2.2636679543782519	0.12364822027373856
Ca2BiReO6	-2.0233895473211305	0.1203100363666576
Ca2BiOsO6	-1.8592500605685927	0.030804282685335416
Ca2BiIrO6	-1.755693093156151	-0.052699762511019932
Cs2AlCuCl6      -1.8011565292           0.12
Cs2ScCuF6       -3.14833173896          0.08
Cs2ScCuCl6      -2.0859986442           0.04
Cs2MnNiF6       -2.75857690105          0 
Cs2MnNiF6       -2.75857690105          0 
Cs2AlCuCl6      -1.8011565292           0.12
Cs2ScCuF6       -3.14833173896          0.08
Cs2ScCuCl6      -2.0859986442           0.04
Cs2GaCuCl6      -1.6431934372           0.11
Cs2YCuCl6       -2.1532292232           0.01
Cs2TaCuCl6      -1.5962252742           0.25
Cs2CuBiF6       -2.56027024446          0.03
Cs2CuBiCl6      -1.6584218957           0.01
Cs2NbCuF6       -2.60610818217          0.32
Cs2CuMoCl6      -1.5564990492           0.09
Cs2CuSbCl6      -1.6010539937           0.03
Cs2GaCuCl6      -1.6431934372           0.11
Cs2YCuCl6       -2.1532292232           0.01
Cs2TaCuCl6      -1.5962252742           0.25
Cs2CuBiF6       -2.56027024446          0.03
Cs2CuBiCl6      -1.6584218957           0.01
Cs2NbCuF6       -2.60610818217          0.32
Cs2CuMoCl6      -1.5564990492           0.09
Cs2CuSbCl6      -1.6010539937           0.03
K2AlCuF6        -3.05986680331          0.05
K2ScCuF6        -3.19451603931          0.05
K2ScCuCl6       -2.05175935156          0.01
K2TiCuF6        -2.93562386298          0.26
K2AlCuF6        -3.05986680331          0.05
K2ScCuF6        -3.19451603931          0.05
K2ScCuCl6       -2.05175935156          0.01
K2TiCuF6        -2.93562386298          0.26
K2GaCuF6        -2.68028655831          0.06
K2YCuCl6        -2.09959588656          0.05
K2CuBiCl6       -1.59847810806          0 
K2CuSbCl6       -1.55332363606          0.03
K2GaCuF6        -2.68028655831          0.06
K2YCuCl6        -2.09959588656          0.05
K2TaNbO6        -2.96677376656          0.00
K2TaNbO6        -2.96746951056          0.00
K2CuBiCl6       -1.59847810806          0 
K2TaNbO6        -2.96677376656          0.00
K2TaNbO6        -2.96746951056          0.00
K2CuSbCl6       -1.55332363606          0.03
Na2AlCuF6       -2.92913791471          0.1426018
Na2ScCuF6       -3.05198341671          0.1626755
Na2ScCuCl6      -1.87796051196          0.1256583
Na2TiTeO6       -2.37831506942          0 
Na2AlCuF6       -2.92913791471          0.1426018
Na2ScCuF6       -3.05198341671          0.1626755
Na2ScCuCl6      -1.87796051196          0.1256583
Na2GaCuF6       -2.58474453171          0.1170450
Na2YCuF6        -3.01005830571          0.2631405
Na2YCuCl6       -1.91041079396          0.1593408
Na2CuBiF6       -2.36954018521          0.2206427
Na2CuBiCl6      -1.40993233846          0.1163456
Na2CuSbF6       -2.32419489021          0.2870394
Na2CuSbCl6      -1.36208644146          0.1398030
Na2GaCuF6       -2.58474453171          0.1170450
Na2YCuF6        -3.01005830571          0.2631405
Na2YCuCl6       -1.91041079396          0.1593408
Na2CuBiF6       -2.36954018521          0.2206427
Na2CuBiCl6      -1.40993233846          0.1163456
Na2CuSbF6       -2.32419489021          0.2870394
Na2CuSbCl6      -1.36208644146          0.1398030
Na2TiTeO6       -2.37831506942          0 
Li2AlCuF6       -2.83612080971          0.2879014
Li2ScCuF6       -2.92713547371          0.3451152
Li2ScCuCl6      -1.73891014096          0.2719833
Li2TiTeO6       -2.43341381742          0 
Li2CrTeO6       -1.92698564325          0.0872525
Li2CrWO6        -2.2051690635           0.0725109
Li2MnWO6        -2.1449696336           0.0565690
Li2FeTeO6       -1.77010911275          0.0760490
Li2FeWO6        -2.0378126995           0.0799830
Li2AlCuF6       -2.83612080971          0.2879014
Li2ScCuF6       -2.92713547371          0.3451152
Li2ScCuCl6      -1.73891014096          0.2719833
Li2GaCuF6       -2.46757801471          0.2863291
Li2CuIrF6       -1.91406930471          0.3627858
Li2CuSbF6       -2.19363043321          0.4596998
Li2CuSbCl6      -1.22421563546          0.2867446
Li2GaCuF6       -2.46757801471          0.2863291
Li2ZrTeO6       -2.51221158175          0.0123712
Li2CuIrF6       -1.91406930471          0.3627858
Li2ZrTeO6       -2.51221158175          0.0123712
Li2TeMoO6       -2.061711735            0.0246545
Li2CuSbF6       -2.19363043321          0.4596998
Li2CuSbCl6      -1.22421563546          0.2867446
Li2TiTeO6       -2.43341381742          0 
Li2CrTeO6       -1.92698564325          0.0872525
Li2FeTeO6       -1.77010911275          0.0760490
Li2ZrTeO6       -2.51221158175          0.0123712
Li2ZrTeO6       -2.51221158175          0.0123712
Li2TeMoO6       -2.061711735            0.0246545
Li2TeWO6        -2.0919219685           0.0071304
Li2CrWO6        -2.2051690635           0.0725109
Li2MnWO6        -2.1449696336           0.0565690
Li2FeWO6        -2.0378126995           0.0799830
Li2TeWO6        -2.0919219685           0.0071304
Mg2TaTiO6       -3.16847052492          0.1102454
Mg2TiIrO6       -2.55950000142          0.1256420
Mg2TiSbO6       -2.71766086592          0.1704741
Mg2TiWO6        -2.82103518067          0.1024451
Mg2TiWO6        -2.86106629717          0.0624140
Mg2TaVO6        -2.96288759975          0.1232946
Mg2VIrO6        -2.24658990725          0.1452023
Mg2VBiO6        -2.54128772625          0.0078165
Mg2VBiO6        -2.54339447025          0.0057098
Mg2VSbO6        -2.46177608775          0.1252967
Mg2VWO6         -2.529902505            0.1129367
Mg2VWO6         -2.6118252385           0.0310140
Mg2TaCrO6       -2.95699497225          0.0968866
Mg2CrIrO6       -2.18197054175          0.0759152
Mg2CrSbO6       -2.46235340825          0.0842494
Mg2CrWO6        -2.540462088            0.0700765
Mg2CrWO6        -2.5620221155           0.0485164
Mg2TaMnO6       -2.85997257285          0.0960371
Mg2MnIrO6       -2.10177589685          0.0854513
Mg2MnSbO6       -2.37410655085          0.0731482
Mg2MnWO6        -2.5106429981           0.0464793
Mg2MnWO6        -2.5106429981           0.0464793
Mg2TaFeO6       -2.83336414925          0.0897546
Mg2FeIrO6       -2.06185854525          0.0338136
Mg2FeSbO6       -2.34324115025          0.0725989
Mg2FeWO6        -2.446852484            0.0415825
Mg2FeWO6        -2.4847181125           0.0037169
Mg2CoIrO6       -1.90381812825          0.0617557
Mg2CoSbO6       -2.16886546825          0.1168764
Mg2CoWO6        -2.362769983            0.0559580
Mg2CoWO6        -2.4020142005           0.0167138
Mg2TaNiO6       -2.51646338075          0.1243949
Mg2NiIrO6       -1.82488263225          0 
Mg2NiSbO6       -2.02504501525          0.1036583
Mg2NiWO6        -2.2195576635           0.1215298
Mg2TaCuO6       -2.51818154775          0.1439522
Mg2CuIrO6       -1.80983470025          0.0248523
Mg2CuSbO6       -2.05081805725          0.1040369
Mg2CuWO6        -2.260349881            0.0830416
Mg2CuWO6        -2.260349881            0.0830416
Mg2TaTiO6       -3.16847052492          0.1102454
Mg2TaVO6        -2.96288759975          0.1232946
Mg2TaCrO6       -2.95699497225          0.0968866
Mg2TaMnO6       -2.85997257285          0.0960371
Mg2TaFeO6       -2.83336414925          0.0897546
Mg2TaNiO6       -2.51646338075          0.1243949
Mg2TaCuO6       -2.51818154775          0.1439522
Mg2TaBiO6       -2.69540027225          0.1720282
Mg2TaMoO6       -2.86267424125          0.0786716
Mg2TaSbO6       -2.68292283725          0.2166642
Mg2TaWO6        -2.7612143135           0.1437153
Mg2TaWO6        -2.7612143135           0.1437153
Mg2TaWO6        -2.8036048745           0.1013247
Mg2TiIrO6       -2.55950000142          0.1256420
Mg2VIrO6        -2.24658990725          0.1452023
Mg2CrIrO6       -2.18197054175          0.0759152
Mg2MnIrO6       -2.10177589685          0.0854513
Mg2FeIrO6       -2.06185854525          0.0338136
Mg2CoIrO6       -1.90381812825          0.0617557
Mg2NiIrO6       -1.82488263225          0 
Mg2CuIrO6       -1.80983470025          0.0248523
Mg2IrWO6        -2.1508284195           0.1908829
Mg2VBiO6        -2.54128772625          0.0078165
Mg2VBiO6        -2.54339447025          0.0057098
Mg2TaBiO6       -2.69540027225          0.1720282
Mg2BiSbO6       -2.20760697175          0.1500735
Mg2BiWO6        -2.319625132            0.1123402
Mg2BiWO6        -2.319625132            0.1123402
Mg2TaMoO6       -2.86267424125          0.0786716
Mg2SbMoO6       -2.37170479075          0.0838395
Mg2MoWO6        -2.4462538225           0.0517490
Mg2MoWO6        -2.4733171885           0.0246856
Mg2TiSbO6       -2.71766086592          0.1704741
Mg2VSbO6        -2.46177608775          0.1252967
Mg2CrSbO6       -2.46235340825          0.0842494
Mg2MnSbO6       -2.37410655085          0.0731482
Mg2FeSbO6       -2.34324115025          0.0725989
Mg2CoSbO6       -2.16886546825          0.1168764
Mg2NiSbO6       -2.02504501525          0.1036583
Mg2CuSbO6       -2.05081805725          0.1040369
Mg2TaSbO6       -2.68292283725          0.2166642
Mg2BiSbO6       -2.20760697175          0.1500735
Mg2SbMoO6       -2.37170479075          0.0838395
Mg2SbWO6        -2.2897438175           0.1682811
Mg2SbWO6        -2.2897438175           0.1682811
Mg2SbWO6        -2.2897438175           0.1682811
Mg2TeWO6        -2.159748662            0.2385374
Mg2TeWO6        -2.159748662            0.2385374
Mg2TiWO6        -2.82103518067          0.1024451
Mg2TiWO6        -2.86106629717          0.0624140
Mg2VWO6         -2.529902505            0.1129367
Mg2VWO6         -2.6118252385           0.0310140
Mg2CrWO6        -2.540462088            0.0700765
Mg2CrWO6        -2.5620221155           0.0485164
Mg2MnWO6        -2.5106429981           0.0464793
Mg2MnWO6        -2.5106429981           0.0464793
Mg2FeWO6        -2.446852484            0.0415825
Mg2FeWO6        -2.4847181125           0.0037169
Mg2CoWO6        -2.362769983            0.0559580
Mg2CoWO6        -2.4020142005           0.0167138
Mg2NiWO6        -2.2195576635           0.1215298
Mg2CuWO6        -2.260349881            0.0830416
Mg2CuWO6        -2.260349881            0.0830416
Mg2TaWO6        -2.7612143135           0.1437153
Mg2TaWO6        -2.7612143135           0.1437153
Mg2TaWO6        -2.8036048745           0.1013247
Mg2IrWO6        -2.1508284195           0.1908829
Mg2BiWO6        -2.319625132            0.1123402
Mg2BiWO6        -2.319625132            0.1123402
Mg2MoWO6        -2.4462538225           0.0517490
Mg2MoWO6        -2.4733171885           0.0246856
Mg2SbWO6        -2.2897438175           0.1682811
Mg2SbWO6        -2.2897438175           0.1682811
Mg2SbWO6        -2.2897438175           0.1682811
Mg2TeWO6        -2.159748662            0.2385374
Mg2TeWO6        -2.159748662            0.2385374
Rb2AlCuF6       -3.00454282078          0.0807082
Rb2ScCuCl6      -2.06595454502          0.0005258
Rb2AlCuF6       -3.00454282078          0.0807082
Rb2ScCuCl6      -2.06595454502          0.0005258
Rb2GaCuF6       -2.68674403678          0.0201512
Rb2YCuF6        -3.18272844778          0.0678164
Rb2YCuCl6       -2.12151051502          0.0361247
Rb2YCuBr6       -1.49469547907          0.0313218
Rb2TaCuBr6      -0.950180106069         0.2186056
Rb2CuBiCl6      -1.61702440252          0 
Rb2CuBiBr6      -1.05552914457          0.0386477
Rb2NbCuF6       -2.604216404            0.3085116
Rb2CuMoCl6      -1.54046723402          0.0534152
Rb2CuMoBr6      -0.929228326069         0.0881231
Rb2CuRuF6       -2.23862218828          0.0748252
Rb2CuSbCl6      -1.57463051452          0 
Rb2CuSbBr6      -1.00656691357          0.0402287
Rb2GaCuF6       -2.68674403678          0.0201512
Rb2YCuF6        -3.18272844778          0.0678164
Rb2YCuCl6       -2.12151051502          0.0361247
Rb2YCuBr6       -1.49469547907          0.0313218
Rb2TaCuBr6      -0.950180106069         0.2186056
Rb2CuBiCl6      -1.61702440252          0 
Rb2CuBiBr6      -1.05552914457          0.0386477
Rb2NbCuF6       -2.604216404            0.3085116
Rb2CuMoCl6      -1.54046723402          0.0534152
Rb2CuMoBr6      -0.929228326069         0.0881231
Rb2CuRuF6       -2.23862218828          0.0748252
Rb2CuSbCl6      -1.57463051452          0 
Rb2CuSbBr6      -1.00656691357          0.0402287
Ti2MnFeO6       -2.80364905718          0.0866612
Ti2MnNiO6       -2.72778059418          0.0012355
Ti2MnZnO6       -2.88686603568          0.0133005
Ti2MnFeO6       -2.80364905718          0.0866612
Ti2MnNiO6       -2.72778059418          0.0012355
Ti2MnZnO6       -2.88686603568          0.0133005
